,coins,frequency
0,BTC,0.01473684210526316
1,ETH,0.019473684210526317
2,XRP,0.01473684210526316
3,BCH,0.052631578947368425
4,BNB,0.0122
