,coins,buyf,sellf,investweight
0,BTC,0.00238,0.00238,0.3
1,ETH,0.00442,0.00442,0.4
3,DOGE,0.00172,0.00172,0.1
4,BNB,0.00294,0.00294,0.15
5,ADA,0.00269,0.00269,0.05