,coins,buyf,sellf,investweight
0,BTC,0.00238,0.00238,0.15
1,ETH,0.00442,0.00442,0.2
3,DOGE,0.00172,0.00172,0.05
4,BNB,0.00294,0.00294,0.075
5,ADA,0.00269,0.00269,0.025
